double,add,1000000,5,0.001412678,1.413,6215.2450777998001,0
double,sub,1000000,5,0.001281930,1.282,15708.805796331269,0
double,mul,1000000,5,0.001378954,1.379,-22361.542083987406,0
double,div,1000000,5,0.001544759,1.545,1152.6434808127153,0
double,sqr,1000000,5,0.001142771,1.143,33342537.402616803,0
double,sqrt,1000000,5,0.002249804,2.250,2269491.3605196108,0
double,exp,1000000,5,0.010690166,10.690,1108338511.7326298,0
double,log,1000000,5,0.010576224,10.576,1559509.0235029527,0
double,sin,1000000,5,0.030051073,30.051,369.44379594334225,0
double,cos,1000000,5,0.029626977,29.627,-55441.519719258737,0
double,pow_int,1000000,5,0.035747260,35.747,763199.05311774719,0
double,pow_real,1000000,5,0.027559257,27.559,24963495.616158381,0
double,line_arith,1000000,5,0.001618117,1.618,12070.982200970691,0
double,line_trig,1000000,5,0.046269915,46.270,33343464.093324821,0
double,line_pow,1000000,5,0.034410846,34.411,-17710282.324485771,0
double,shekel5,1000000,5,0.004348671,4.349,-157666.91232710041,0
double,block5,1000000,5,0.085145929,85.146,53899954.705749333,0
gaol,add,1000000,5,0.003304947,3.305,6215.2450777997965,144602.29834179295
gaol,sub,1000000,5,0.003357201,3.358,15708.805796331259,144602.29834179298
gaol,mul,1000000,5,0.015759941,15.760,-22357.981296030724,721669.14347764536
gaol,div,1000000,5,0.012299110,12.300,1150.3481446952592,55651.09099647389
gaol,sqr,1000000,5,0.009019716,9.020,33351536.531071291,723457.56070659368
gaol,sqrt,1000000,5,0.008721025,8.722,2269319.5223920686,17332.770235903176
gaol,exp,1000000,5,0.052555358,52.556,1113373157.2633787,81331993.661984653
gaol,log,1000000,5,0.070231033,70.232,1559051.809809875,18531.566600938183
gaol,sin,1000000,5,0.128247603,128.248,372.74069655761571,47174.103272503686
gaol,cos,1000000,5,0.125928183,125.929,-55217.802178074962,44180.034107614134
gaol,pow_int,1000000,5,0.017242295,17.243,763027.24108830758,7241040.6384945019
gaol,pow_real,1000000,5,0.166510720,166.511,24977959.153504041,963128.2955669039
gaol,line_arith,1000000,5,0.059079361,59.080,11641.146800333524,742131.53869177448
gaol,line_trig,1000000,5,0.867650470,867.651,33352445.643891491,781626.82328401995
gaol,line_pow,1000000,5,0.325350613,325.351,-200633868.54653173,391862420.02025825
gaol,shekel5,1000000,5,0.783392183,783.393,-157759.69095550876,9929.3109655147146
gaol,block5,1000000,5,0.852730719,852.731,54765440.496903129,456259304.06819195
filib,add,1000000,5,0.010439125,10.439,6215.2450777997965,144602.29834179295
filib,sub,1000000,5,0.010064374,10.064,15708.805796331259,144602.29834179298
filib,mul,1000000,5,0.028833565,28.834,-22357.981296030724,721669.14347764535
filib,div,1000000,5,0.016247014,16.247,1150.3481446952592,55651.090996473889
filib,sqr,1000000,5,0.014875052,14.875,33351536.53107129,723457.56070659368
filib,sqrt,1000000,5,0.026241987,26.242,2269319.522392069,17332.770235903354
filib,exp,1000000,5,0.048386305,48.386,1113373157.2633791,81331993.661986113
filib,log,1000000,5,0.041181720,41.182,1559051.8098098757,18531.566600940434
filib,sin,1000000,5,0.050712842,50.713,372.74069655756551,47174.103272504821
filib,cos,1000000,5,0.052789046,52.789,-55217.802178074948,44180.034107616091
filib,pow_int,1000000,5,0.027706553,27.707,763027.24108830758,7241040.6384945018
filib,pow_real,1000000,5,0.107290515,107.291,24977959.15350407,963128.29556707852
filib,line_arith,1000000,5,0.041675571,41.676,11641.146800333523,742131.53869177448
filib,line_trig,1000000,5,0.140835938,140.836,33352445.643891491,781626.82328402239
filib,line_pow,1000000,5,0.134893492,134.893,-200633868.54653186,391862420.02025867
filib,shekel5,1000000,5,0.602922048,602.922,-157759.69095550876,9929.3109655147146
filib,block5,1000000,5,0.319832735,319.833,54765440.496903144,456259304.06819189
profil,add,1000000,5,0.021537262,21.537,6215.2450777998729,144602.29834179295
profil,sub,1000000,5,0.021720684,21.721,15708.80579633139,144602.29834179298
profil,mul,1000000,5,0.022040301,22.040,-22357.981296029793,721669.14347764535
profil,div,1000000,5,0.021669622,21.670,1150.3481446953065,55651.090996473889
profil,sqr,1000000,5,0.028063711,28.064,33351536.53107129,723457.56070659368
profil,sqrt,1000000,5,0.005586203,5.586,2269319.522392069,17332.77023590462
profil,exp,1000000,5,0.015040557,15.041,1113373157.2633789,81331993.661985174
profil,log,1000000,5,0.015473650,15.474,1559051.8098098752,18531.566600939001
profil,sin,1000000,5,0.172802681,172.803,372.74069655755807,47174.103272506531
profil,cos,1000000,5,0.195223901,195.224,-55217.802178074802,44180.034107618332
profil,pow_int,1000000,5,0.049543635,49.544,763029.04794892611,7241118.397723713
profil,pow_real,1000000,5,0.047762654,47.763,24977959.15350404,963128.29556696618
profil,line_arith,1000000,5,0.089062315,89.062,11641.146800333927,742131.53869177448
profil,line_trig,1000000,5,0.439215588,439.216,33352445.643891491,781626.82328402472
profil,line_pow,1000000,5,0.131352440,131.352,-200633864.38065794,391862595.62280136
profil,shekel5,1000000,5,1.596863862,1596.864,-157759.69095550876,9929.3109655147127
profil,block5,1000000,5,0.620526347,620.526,54765401.689339228,456261865.72100818
solaris_f90,add,1000000,5, 2.392014299E-02,23.920,  6.21524507779979649E+03,  1.44602298341792950E+05
solaris_f90,sub,1000000,5, 2.402066300E-02,24.021,  1.57088057963312585E+04,  1.44602298341792979E+05
solaris_f90,mul,1000000,5, 2.902658499E-02,29.027, -2.23579812960307245E+04,  7.21669143477645353E+05
solaris_f90,div,1000000,5, 2.698432698E-02,26.984,  1.15034814469525918E+03,  5.56510909964738894E+04
solaris_f90,sqr,1000000,5, 7.587310002E-02,75.873,  3.33515365310712904E+07,  7.23457560706593678E+05
solaris_f90,sqrt,1000000,5, 3.684516402E-02,36.845,  2.26931952239206899E+06,  1.73327702359029390E+04
solaris_f90,exp,1000000,5, 5.460279400E-02,54.603,  1.11337315726337886E+09,  8.13319936619845033E+07
solaris_f90,log,1000000,5, 5.585896800E-02,55.859,  1.55905180980987498E+06,  1.85315666009379020E+04
solaris_f90,sin,1000000,5, 5.943543999E-02,59.435,  3.72740696557563922E+02,  4.71741032725030600E+04
solaris_f90,cos,1000000,5, 5.982835099E-02,59.828, -5.52178021780749405E+04,  4.41800341076140685E+04
solaris_f90,pow_int,1000000,5, 2.145316970E-01,214.532,  7.63027241088309442E+05,  7.24104063849450462E+06
solaris_f90,pow_real,1000000,5, 1.842570390E-01,184.257,  2.49779591535040401E+07,  9.63128295566851273E+05
solaris_f90,line_arith,1000000,5, 8.769736902E-02,87.697,  1.16411468003335231E+04,  7.42131538691774476E+05
solaris_f90,line_trig,1000000,5, 2.299545870E-01,229.955,  3.33524456438914910E+07,  7.81626823284019716E+05
solaris_f90,line_pow,1000000,5, 3.611871950E-01,361.187, -2.00633868546531737E+08,  3.91862420020258188E+08
solaris_f90,shekel5,1000000,5, 2.371005699E+00,2371.006, -1.57759690955508762E+05,  9.92931096551471455E+03
solaris_f90,block5,1000000,5, 6.538782210E-01,653.878,  5.47654404969030991E+07,  4.56259304068191469E+08
libieeep1788,add,1000000,1,0.208719408,208.719,6215.2450777997965,144602.29834179295
libieeep1788,sub,1000000,1,0.205161514,205.162,15708.805796331259,144602.29834179298
libieeep1788,mul,1000000,1,0.259393515,259.394,-22357.981296030724,721669.14347764535
libieeep1788,div,1000000,1,0.246752946,246.753,1150.3481446952592,55651.090996473889
libieeep1788,sqr,1000000,1,0.136456174,136.456,33351536.53107129,723457.56070659368
libieeep1788,sqrt,1000000,1,0.148213475,148.213,2269319.522392069,17332.770235902939
libieeep1788,exp,1000000,1,2.037623271,2037.623,1113373157.2633789,81331993.661984444
libieeep1788,log,1000000,1,5.176950897,5176.951,1559051.809809875,18531.566600937902
libieeep1788,sin,1000000,1,12.081562538,12081.563,372.74069655756426,47174.10327250306
libieeep1788,cos,1000000,1,7.017095797,7017.096,-55217.80217807494,44180.034107614054
libieeep1788,pow_int,1000000,1,0.374998227,374.998,763027.24108830828,7241040.6384944711
libieeep1788,pow_real,1000000,1,16.474629030,16474.629,24977959.15350404,963128.29556684732
libieeep1788,line_arith,1000000,1,1.246869158,1246.869,11641.146800333523,742131.53869177448
libieeep1788,line_trig,1000000,1,15.663659866,15663.660,33352445.643891491,781626.82328401972
libieeep1788,line_pow,1000000,1,3.570358605,3570.359,-200633868.54653174,391862420.02025813
libieeep1788,shekel5,1000000,1,20.033899189,20033.899,-157759.69095550876,9929.3109655147146
libieeep1788,block5,1000000,1,26.260948169,26260.948,54765440.496903114,456259304.06819046
double,add,1000000,5,0.001371490,1.371,6215.2450777998001,0
double,sub,1000000,5,0.001342759,1.343,15708.805796331269,0
double,mul,1000000,5,0.001359814,1.360,-22361.542083987406,0
double,div,1000000,5,0.001262966,1.263,1152.6434808127153,0
double,sqr,1000000,5,0.000924207,0.924,33342537.402616803,0
double,sqrt,1000000,5,0.001970709,1.971,2269491.3605196108,0
double,exp,1000000,5,0.005858872,5.859,1108338511.7326298,0
double,log,1000000,5,0.005120483,5.120,1559509.0235029527,0
double,sin,1000000,5,0.019974481,19.974,369.44379594334225,0
double,cos,1000000,5,0.019434044,19.434,-55441.519719258737,0
double,pow_int,1000000,5,0.019729958,19.730,763199.05311774719,0
double,pow_real,1000000,5,0.016332140,16.332,24963495.616158381,0
double,line_arith,1000000,5,0.001479736,1.480,12070.982200970691,0
double,line_trig,1000000,5,0.039126009,39.126,33343464.093324821,0
double,line_pow,1000000,5,0.029316666,29.317,-17710282.324485771,0
double,shekel5,1000000,5,0.003719881,3.720,-157666.91232710041,0
double,block5,1000000,5,0.069443260,69.443,53899954.705749333,0
gaol,add,1000000,5,0.003140148,3.141,6215.2450777997965,144602.29834179295
gaol,sub,1000000,5,0.003245118,3.246,15708.805796331259,144602.29834179298
gaol,mul,1000000,5,0.015822265,15.823,-22357.981296030724,721669.14347764536
gaol,div,1000000,5,0.012342586,12.343,1150.3481446952592,55651.09099647389
gaol,sqr,1000000,5,0.009050338,9.051,33351536.531071291,723457.56070659368
gaol,sqrt,1000000,5,0.008723321,8.724,2269319.5223920686,17332.770235903176
gaol,exp,1000000,5,0.053193654,53.194,1113373157.2633787,81331993.661984653
gaol,log,1000000,5,0.069931130,69.932,1559051.809809875,18531.566600938183
gaol,sin,1000000,5,0.105871747,105.872,372.74069655761571,47174.103272503686
gaol,cos,1000000,5,0.102527506,102.528,-55217.802178074962,44180.034107614134
gaol,pow_int,1000000,5,0.013823038,13.824,763027.24108830758,7241040.6384945019
gaol,pow_real,1000000,5,0.136337354,136.338,24977959.153504041,963128.2955669039
gaol,line_arith,1000000,5,0.027640691,27.641,11641.146800333524,742131.53869177448
gaol,line_trig,1000000,5,0.229577877,229.578,33352445.643891491,781626.82328401995
gaol,line_pow,1000000,5,0.092446021,92.447,-200633868.54653173,391862420.02025825
gaol,shekel5,1000000,5,0.280297099,280.298,-157759.69095550876,9929.3109655147146
gaol,block5,1000000,5,0.342518864,342.519,54765440.496903129,456259304.06819195
filib,add,1000000,5,0.008027776,8.028,6215.2450777997965,144602.29834179295
filib,sub,1000000,5,0.007836223,7.836,15708.805796331259,144602.29834179298
filib,mul,1000000,5,0.023449679,23.450,-22357.981296030724,721669.14347764535
filib,div,1000000,5,0.013678316,13.678,1150.3481446952592,55651.090996473889
filib,sqr,1000000,5,0.012582645,12.583,33351536.53107129,723457.56070659368
filib,sqrt,1000000,5,0.022858790,22.859,2269319.522392069,17332.770235903354
filib,exp,1000000,5,0.046748004,46.748,1113373157.2633791,81331993.661986113
filib,log,1000000,5,0.041118713,41.119,1559051.8098098757,18531.566600940434
filib,sin,1000000,5,0.050725832,50.726,372.74069655756551,47174.103272504821
filib,cos,1000000,5,0.051896051,51.896,-55217.802178074948,44180.034107616091
filib,pow_int,1000000,5,0.027663130,27.663,763027.24108830758,7241040.6384945018
filib,pow_real,1000000,5,0.112544232,112.544,24977959.15350407,963128.29556707852
filib,line_arith,1000000,5,0.053734502,53.735,11641.146800333523,742131.53869177448
filib,line_trig,1000000,5,0.211347602,211.348,33352445.643891491,781626.82328402239
filib,line_pow,1000000,5,0.333966505,333.967,-200633868.54653186,391862420.02025867
filib,shekel5,1000000,5,0.972056314,972.056,-157759.69095550876,9929.3109655147146
filib,block5,1000000,5,0.319103492,319.103,54765440.496903144,456259304.06819189
profil,add,1000000,5,0.021510524,21.511,6215.2450777998729,144602.29834179295
profil,sub,1000000,5,0.021504144,21.504,15708.80579633139,144602.29834179298
profil,mul,1000000,5,0.022094150,22.094,-22357.981296029793,721669.14347764535
profil,div,1000000,5,0.021580318,21.580,1150.3481446953065,55651.090996473889
profil,sqr,1000000,5,0.028040249,28.040,33351536.53107129,723457.56070659368
profil,sqrt,1000000,5,0.005510920,5.511,2269319.522392069,17332.77023590462
profil,exp,1000000,5,0.015074621,15.075,1113373157.2633789,81331993.661985174
profil,log,1000000,5,0.015468897,15.469,1559051.8098098752,18531.566600939001
profil,sin,1000000,5,0.172566896,172.567,372.74069655755807,47174.103272506531
profil,cos,1000000,5,0.195315698,195.316,-55217.802178074802,44180.034107618332
profil,pow_int,1000000,5,0.049517486,49.517,763029.04794892611,7241118.397723713
profil,pow_real,1000000,5,0.048097002,48.097,24977959.15350404,963128.29556696618
profil,line_arith,1000000,5,0.088897100,88.897,11641.146800333927,742131.53869177448
profil,line_trig,1000000,5,0.438253598,438.254,33352445.643891491,781626.82328402472
profil,line_pow,1000000,5,0.130629952,130.630,-200633864.38065794,391862595.62280136
profil,shekel5,1000000,5,1.596232432,1596.232,-157759.69095550876,9929.3109655147127
profil,block5,1000000,5,0.610190986,610.191,54765401.689339228,456261865.72100818
solaris_f90,add,1000000,5, 2.386027400E-02,23.860,  6.21524507779979649E+03,  1.44602298341792950E+05
solaris_f90,sub,1000000,5, 2.372468400E-02,23.725,  1.57088057963312585E+04,  1.44602298341792979E+05
solaris_f90,mul,1000000,5, 2.911552199E-02,29.116, -2.23579812960307245E+04,  7.21669143477645353E+05
solaris_f90,div,1000000,5, 2.708682700E-02,27.087,  1.15034814469525918E+03,  5.56510909964738894E+04
solaris_f90,sqr,1000000,5, 7.603659801E-02,76.037,  3.33515365310712904E+07,  7.23457560706593678E+05
solaris_f90,sqrt,1000000,5, 3.677306799E-02,36.773,  2.26931952239206899E+06,  1.73327702359029390E+04
solaris_f90,exp,1000000,5, 5.459776300E-02,54.598,  1.11337315726337886E+09,  8.13319936619845033E+07
solaris_f90,log,1000000,5, 5.572978302E-02,55.730,  1.55905180980987498E+06,  1.85315666009379020E+04
solaris_f90,sin,1000000,5, 5.913867301E-02,59.139,  3.72740696557563922E+02,  4.71741032725030600E+04
solaris_f90,cos,1000000,5, 5.986560602E-02,59.866, -5.52178021780749405E+04,  4.41800341076140685E+04
solaris_f90,pow_int,1000000,5, 2.139730200E-01,213.973,  7.63027241088309442E+05,  7.24104063849450462E+06
solaris_f90,pow_real,1000000,5, 1.840834880E-01,184.083,  2.49779591535040401E+07,  9.63128295566851273E+05
solaris_f90,line_arith,1000000,5, 8.819679302E-02,88.197,  1.16411468003335231E+04,  7.42131538691774476E+05
solaris_f90,line_trig,1000000,5, 2.296479610E-01,229.648,  3.33524456438914910E+07,  7.81626823284019716E+05
solaris_f90,line_pow,1000000,5, 3.608279910E-01,360.828, -2.00633868546531737E+08,  3.91862420020258188E+08
solaris_f90,shekel5,1000000,5, 2.377528972E+00,2377.529, -1.57759690955508762E+05,  9.92931096551471455E+03
solaris_f90,block5,1000000,5, 6.434469380E-01,643.447,  5.47654404969030991E+07,  4.56259304068191469E+08
libieeep1788,add,1000000,1,0.208009603,208.010,6215.2450777997965,144602.29834179295
libieeep1788,sub,1000000,1,0.208076603,208.077,15708.805796331259,144602.29834179298
libieeep1788,mul,1000000,1,0.259526287,259.526,-22357.981296030724,721669.14347764535
libieeep1788,div,1000000,1,0.249681400,249.681,1150.3481446952592,55651.090996473889
libieeep1788,sqr,1000000,1,0.130208456,130.208,33351536.53107129,723457.56070659368
libieeep1788,sqrt,1000000,1,0.146238039,146.238,2269319.522392069,17332.770235902939
libieeep1788,exp,1000000,1,2.029350359,2029.350,1113373157.2633789,81331993.661984444
libieeep1788,log,1000000,1,2.754625444,2754.625,1559051.809809875,18531.566600937902
libieeep1788,sin,1000000,1,11.342892088,11342.892,372.74069655756426,47174.10327250306
libieeep1788,cos,1000000,1,11.774267055,11774.267,-55217.80217807494,44180.034107614054
libieeep1788,pow_int,1000000,1,0.344142962,344.143,763027.24108830828,7241040.6384944711
libieeep1788,pow_real,1000000,1,9.310742659,9310.743,24977959.15350404,963128.29556684732
libieeep1788,line_arith,1000000,1,0.993821578,993.822,11641.146800333523,742131.53869177448
libieeep1788,line_trig,1000000,1,23.727758948,23727.759,33352445.643891491,781626.82328401972
libieeep1788,line_pow,1000000,1,3.448575490,3448.575,-200633868.54653174,391862420.02025813
libieeep1788,shekel5,1000000,1,23.931072757,23931.073,-157759.69095550876,9929.3109655147146
libieeep1788,block5,1000000,1,34.265802769,34265.803,54765440.496903114,456259304.06819046
double,add,1000000,5,0.001423576,1.424,6215.2450777998001,0
double,sub,1000000,5,0.001264945,1.265,15708.805796331269,0
double,mul,1000000,5,0.001245240,1.245,-22361.542083987406,0
double,div,1000000,5,0.001314337,1.314,1152.6434808127153,0
double,sqr,1000000,5,0.000825958,0.826,33342537.402616803,0
double,sqrt,1000000,5,0.001964652,1.965,2269491.3605196108,0
double,exp,1000000,5,0.005848912,5.849,1108338511.7326298,0
double,log,1000000,5,0.005129827,5.130,1559509.0235029527,0
double,sin,1000000,5,0.020016765,20.017,369.44379594334225,0
double,cos,1000000,5,0.019377464,19.377,-55441.519719258737,0
double,pow_int,1000000,5,0.019694014,19.694,763199.05311774719,0
double,pow_real,1000000,5,0.016164358,16.164,24963495.616158381,0
double,line_arith,1000000,5,0.001470005,1.470,12070.982200970691,0
double,line_trig,1000000,5,0.039116538,39.117,33343464.093324821,0
double,line_pow,1000000,5,0.029065301,29.065,-17710282.324485771,0
double,shekel5,1000000,5,0.003737416,3.737,-157666.91232710041,0
double,block5,1000000,5,0.069372496,69.372,53899954.705749333,0
gaol,add,1000000,5,0.003162994,3.163,6215.2450777997965,144602.29834179295
gaol,sub,1000000,5,0.003214623,3.215,15708.805796331259,144602.29834179298
gaol,mul,1000000,5,0.015865567,15.866,-22357.981296030724,721669.14347764536
gaol,div,1000000,5,0.012326648,12.327,1150.3481446952592,55651.09099647389
gaol,sqr,1000000,5,0.009360472,9.361,33351536.531071291,723457.56070659368
gaol,sqrt,1000000,5,0.009475235,9.476,2269319.5223920686,17332.770235903176
gaol,exp,1000000,5,0.061538212,61.539,1113373157.2633787,81331993.661984653
gaol,log,1000000,5,0.105108671,105.109,1559051.809809875,18531.566600938183
gaol,sin,1000000,5,0.183827747,183.828,372.74069655761571,47174.103272503686
gaol,cos,1000000,5,0.211394508,211.395,-55217.802178074962,44180.034107614134
gaol,pow_int,1000000,5,0.030637247,30.638,763027.24108830758,7241040.6384945019
gaol,pow_real,1000000,5,0.281475961,281.476,24977959.153504041,963128.2955669039
gaol,line_arith,1000000,5,0.056903477,56.904,11641.146800333524,742131.53869177448
gaol,line_trig,1000000,5,0.446066053,446.067,33352445.643891491,781626.82328401995
gaol,line_pow,1000000,5,0.260104420,260.105,-200633868.54653173,391862420.02025825
gaol,shekel5,1000000,5,0.283782564,283.783,-157759.69095550876,9929.3109655147146
gaol,block5,1000000,5,0.344685868,344.686,54765440.496903129,456259304.06819195
filib,add,1000000,5,0.008028871,8.029,6215.2450777997965,144602.29834179295
filib,sub,1000000,5,0.007849303,7.849,15708.805796331259,144602.29834179298
filib,mul,1000000,5,0.023209979,23.210,-22357.981296030724,721669.14347764535
filib,div,1000000,5,0.013813705,13.814,1150.3481446952592,55651.090996473889
filib,sqr,1000000,5,0.012487617,12.488,33351536.53107129,723457.56070659368
filib,sqrt,1000000,5,0.022835571,22.836,2269319.522392069,17332.770235903354
filib,exp,1000000,5,0.046874154,46.874,1113373157.2633791,81331993.661986113
filib,log,1000000,5,0.041189817,41.190,1559051.8098098757,18531.566600940434
filib,sin,1000000,5,0.050812762,50.813,372.74069655756551,47174.103272504821
filib,cos,1000000,5,0.052082737,52.083,-55217.802178074948,44180.034107616091
filib,pow_int,1000000,5,0.027575766,27.576,763027.24108830758,7241040.6384945018
filib,pow_real,1000000,5,0.109574523,109.575,24977959.15350407,963128.29556707852
filib,line_arith,1000000,5,0.041540095,41.540,11641.146800333523,742131.53869177448
filib,line_trig,1000000,5,0.141543302,141.543,33352445.643891491,781626.82328402239
filib,line_pow,1000000,5,0.135259894,135.260,-200633868.54653186,391862420.02025867
filib,shekel5,1000000,5,0.601940790,601.941,-157759.69095550876,9929.3109655147146
filib,block5,1000000,5,1.470624353,1470.624,54765440.496903144,456259304.06819189
profil,add,1000000,5,0.047534772,47.535,6215.2450777998729,144602.29834179295
profil,sub,1000000,5,0.041651384,41.651,15708.80579633139,144602.29834179298
profil,mul,1000000,5,0.039819881,39.820,-22357.981296029793,721669.14347764535
profil,div,1000000,5,0.036827088,36.827,1150.3481446953065,55651.090996473889
profil,sqr,1000000,5,0.043314151,43.314,33351536.53107129,723457.56070659368
profil,sqrt,1000000,5,0.008115572,8.116,2269319.522392069,17332.77023590462
profil,exp,1000000,5,0.021191818,21.192,1113373157.2633789,81331993.661985174
profil,log,1000000,5,0.020527202,20.527,1559051.8098098752,18531.566600939001
profil,sin,1000000,5,0.182799378,182.799,372.74069655755807,47174.103272506531
profil,cos,1000000,5,0.195183226,195.183,-55217.802178074802,44180.034107618332
profil,pow_int,1000000,5,0.049383544,49.384,763029.04794892611,7241118.397723713
profil,pow_real,1000000,5,0.047692909,47.693,24977959.15350404,963128.29556696618
profil,line_arith,1000000,5,0.088596821,88.597,11641.146800333927,742131.53869177448
profil,line_trig,1000000,5,0.438662350,438.662,33352445.643891491,781626.82328402472
profil,line_pow,1000000,5,0.130496417,130.496,-200633864.38065794,391862595.62280136
profil,shekel5,1000000,5,1.600317035,1600.317,-157759.69095550876,9929.3109655147127
profil,block5,1000000,5,0.611417329,611.417,54765401.689339228,456261865.72100818
solaris_f90,add,1000000,5, 2.408809098E-02,24.088,  6.21524507779979649E+03,  1.44602298341792950E+05
solaris_f90,sub,1000000,5, 2.401674198E-02,24.017,  1.57088057963312585E+04,  1.44602298341792979E+05
solaris_f90,mul,1000000,5, 2.898925199E-02,28.989, -2.23579812960307245E+04,  7.21669143477645353E+05
solaris_f90,div,1000000,5, 2.694364800E-02,26.944,  1.15034814469525918E+03,  5.56510909964738894E+04
solaris_f90,sqr,1000000,5, 7.611139002E-02,76.111,  3.33515365310712904E+07,  7.23457560706593678E+05
solaris_f90,sqrt,1000000,5, 3.685351100E-02,36.854,  2.26931952239206899E+06,  1.73327702359029390E+04
solaris_f90,exp,1000000,5, 5.451846702E-02,54.518,  1.11337315726337886E+09,  8.13319936619845033E+07
solaris_f90,log,1000000,5, 5.576249701E-02,55.762,  1.55905180980987498E+06,  1.85315666009379020E+04
solaris_f90,sin,1000000,5, 5.908515700E-02,59.085,  3.72740696557563922E+02,  4.71741032725030600E+04
solaris_f90,cos,1000000,5, 5.975079499E-02,59.751, -5.52178021780749405E+04,  4.41800341076140685E+04
solaris_f90,pow_int,1000000,5, 2.137084380E-01,213.708,  7.63027241088309442E+05,  7.24104063849450462E+06
solaris_f90,pow_real,1000000,5, 1.840679190E-01,184.068,  2.49779591535040401E+07,  9.63128295566851273E+05
solaris_f90,line_arith,1000000,5, 8.831816301E-02,88.318,  1.16411468003335231E+04,  7.42131538691774476E+05
solaris_f90,line_trig,1000000,5, 2.303745670E-01,230.375,  3.33524456438914910E+07,  7.81626823284019716E+05
solaris_f90,line_pow,1000000,5, 3.625763690E-01,362.576, -2.00633868546531737E+08,  3.91862420020258188E+08
solaris_f90,shekel5,1000000,5, 2.388396150E+00,2388.396, -1.57759690955508762E+05,  9.92931096551471455E+03
solaris_f90,block5,1000000,5, 6.461905390E-01,646.191,  5.47654404969030991E+07,  4.56259304068191469E+08
libieeep1788,add,1000000,1,0.214657571,214.658,6215.2450777997965,144602.29834179295
libieeep1788,sub,1000000,1,0.207517767,207.518,15708.805796331259,144602.29834179298
libieeep1788,mul,1000000,1,0.263529549,263.530,-22357.981296030724,721669.14347764535
libieeep1788,div,1000000,1,0.246744271,246.744,1150.3481446952592,55651.090996473889
libieeep1788,sqr,1000000,1,0.129126438,129.126,33351536.53107129,723457.56070659368
libieeep1788,sqrt,1000000,1,0.147739670,147.740,2269319.522392069,17332.770235902939
libieeep1788,exp,1000000,1,2.036268394,2036.268,1113373157.2633789,81331993.661984444
libieeep1788,log,1000000,1,2.695143185,2695.143,1559051.809809875,18531.566600937902
libieeep1788,sin,1000000,1,16.724940171,16724.940,372.74069655756426,47174.10327250306
libieeep1788,cos,1000000,1,8.227213938,8227.214,-55217.80217807494,44180.034107614054
libieeep1788,pow_int,1000000,1,0.349219251,349.219,763027.24108830828,7241040.6384944711
libieeep1788,pow_real,1000000,1,17.473069015,17473.069,24977959.15350404,963128.29556684732
libieeep1788,line_arith,1000000,1,0.983075493,983.075,11641.146800333523,742131.53869177448
libieeep1788,line_trig,1000000,1,25.323986854,25323.987,33352445.643891491,781626.82328401972
libieeep1788,line_pow,1000000,1,3.461292774,3461.293,-200633868.54653174,391862420.02025813
libieeep1788,shekel5,1000000,1,20.444123287,20444.123,-157759.69095550876,9929.3109655147146
libieeep1788,block5,1000000,1,37.884364269,37884.364,54765440.496903114,456259304.06819046
gaol5,add,1000000,5,0.004024654,4.025,6215.2450777997965,144602.29834179295
gaol5,sub,1000000,5,0.004024891,4.025,15708.805796331259,144602.29834179298
gaol5,mul,1000000,5,0.016764346,16.765,-22357.981296030724,721669.14347764536
gaol5,div,1000000,5,0.013546788,13.547,1150.3481446952592,55651.09099647389
gaol5,sqr,1000000,5,0.009729746,9.730,33351536.531071291,723457.56070659368
gaol5,sqrt,1000000,5,0.008430692,8.431,2269319.522392069,17332.77023590294
gaol5,exp,1000000,5,0.028639901,28.640,1113373157.2633789,81331993.661984444
gaol5,log,1000000,5,0.028817822,28.818,1559051.809809875,18531.566600937902
gaol5,sin,1000000,5,0.080413781,80.414,372.74069655756427,47174.10327250306
gaol5,cos,1000000,5,0.083965864,83.966,-55217.80217807494,44180.034107614054
gaol5,pow_int,1000000,5,0.021752236,21.753,763027.24108830828,7241040.6384944711
gaol5,pow_real,1000000,5,0.073520072,73.521,24977959.153504041,963128.29556684732
gaol5,line_arith,1000000,5,0.029437968,29.438,11641.146800333524,742131.53869177448
gaol5,line_trig,1000000,5,0.185325809,185.326,33352445.643891491,781626.82328401972
gaol5,line_pow,1000000,5,0.082988387,82.989,-200633868.54653173,391862420.02025813
gaol5,shekel5,1000000,5,0.324347770,324.348,-157759.69095550876,9929.3109655147146
gaol5,block5,1000000,5,0.283806827,283.807,54765440.496903115,456259304.06819046
gaol5,add,1000000,5,0.004013486,4.014,6215.2450777997965,144602.29834179295
gaol5,sub,1000000,5,0.004038072,4.039,15708.805796331259,144602.29834179298
gaol5,mul,1000000,5,0.016776179,16.777,-22357.981296030724,721669.14347764536
gaol5,div,1000000,5,0.013685681,13.686,1150.3481446952592,55651.09099647389
gaol5,sqr,1000000,5,0.009539612,9.540,33351536.531071291,723457.56070659368
gaol5,sqrt,1000000,5,0.008358324,8.359,2269319.522392069,17332.77023590294
gaol5,exp,1000000,5,0.028635495,28.636,1113373157.2633789,81331993.661984444
gaol5,log,1000000,5,0.028830799,28.831,1559051.809809875,18531.566600937902
gaol5,sin,1000000,5,0.084039470,84.040,372.74069655756427,47174.10327250306
gaol5,cos,1000000,5,0.083977871,83.978,-55217.80217807494,44180.034107614054
gaol5,pow_int,1000000,5,0.021577398,21.578,763027.24108830828,7241040.6384944711
gaol5,pow_real,1000000,5,0.073510522,73.511,24977959.153504041,963128.29556684732
gaol5,line_arith,1000000,5,0.029392946,29.393,11641.146800333524,742131.53869177448
gaol5,line_trig,1000000,5,0.185597124,185.598,33352445.643891491,781626.82328401972
gaol5,line_pow,1000000,5,0.082849942,82.850,-200633868.54653173,391862420.02025813
gaol5,shekel5,1000000,5,0.315006964,315.007,-157759.69095550876,9929.3109655147146
gaol5,block5,1000000,5,0.283398606,283.399,54765440.496903115,456259304.06819046
gaol5,add,1000000,5,0.003995029,3.996,6215.2450777997965,144602.29834179295
gaol5,sub,1000000,5,0.004024342,4.025,15708.805796331259,144602.29834179298
gaol5,mul,1000000,5,0.016725977,16.726,-22357.981296030724,721669.14347764536
gaol5,div,1000000,5,0.013671988,13.672,1150.3481446952592,55651.09099647389
gaol5,sqr,1000000,5,0.009618684,9.619,33351536.531071291,723457.56070659368
gaol5,sqrt,1000000,5,0.008400374,8.401,2269319.522392069,17332.77023590294
gaol5,exp,1000000,5,0.028682597,28.683,1113373157.2633789,81331993.661984444
gaol5,log,1000000,5,0.028913296,28.914,1559051.809809875,18531.566600937902
gaol5,sin,1000000,5,0.080892316,80.893,372.74069655756427,47174.10327250306
gaol5,cos,1000000,5,0.084044250,84.045,-55217.80217807494,44180.034107614054
gaol5,pow_int,1000000,5,0.021411696,21.412,763027.24108830828,7241040.6384944711
gaol5,pow_real,1000000,5,0.073023432,73.024,24977959.153504041,963128.29556684732
gaol5,line_arith,1000000,5,0.029396576,29.397,11641.146800333524,742131.53869177448
gaol5,line_trig,1000000,5,0.184561878,184.562,33352445.643891491,781626.82328401972
gaol5,line_pow,1000000,5,0.083196793,83.197,-200633868.54653173,391862420.02025813
gaol5,shekel5,1000000,5,0.315537512,315.538,-157759.69095550876,9929.3109655147146
gaol5,block5,1000000,5,0.283281556,283.282,54765440.496903115,456259304.06819046
boost,add,1000000,5,0.017836696,17.837,6215.2450777997965,144602.29834179295
boost,sub,1000000,5,0.017986741,17.987,15708.805796331259,144602.29834179298
boost,mul,1000000,5,0.030601223,30.601,-22357.981296030724,721669.14347764535
boost,div,1000000,5,0.025412475,25.412,1150.3481446952592,55651.090996473889
boost,sqr,1000000,5,0.021200316,21.200,33351536.53107129,723457.56070659368
boost,sqrt,1000000,5,0.029990249,29.990,2269319.522392069,17332.770235902939
boost,exp,1000000,5,0.040910392,40.910,1113373157.2633789,81331993.661984444
boost,log,1000000,5,0.039951753,39.952,1559051.809809875,18531.566600937902
boost,sin,1000000,5,0.097491028,97.491,372.74069655761127,47174.103272504246
boost,cos,1000000,5,0.093179878,93.180,-55217.802178074926,44180.03410761468
boost,pow_int,1000000,5,0.026860836,26.861,763027.24108830758,7241040.6384945018
boost,pow_real,1000000,5,0.100555723,100.556,24977959.15350404,963128.29556688305
boost,line_arith,1000000,5,0.085618285,85.618,11641.146800333523,742131.53869177448
boost,line_trig,1000000,5,0.264773082,264.773,33352445.643891491,781626.82328402041
boost,line_pow,1000000,5,0.156989974,156.990,-200633868.54653174,391862420.02025819
boost,shekel5,1000000,5,1.324752169,1324.752,-157759.69095550876,9929.3109655147146
boost,block5,1000000,5,0.607260743,607.261,54765440.496903144,456259304.0681923
boost,add,1000000,5,0.022679944,22.680,6215.2450777997965,144602.29834179295
boost,sub,1000000,5,0.022099133,22.099,15708.805796331259,144602.29834179298
boost,mul,1000000,5,0.034723763,34.724,-22357.981296030724,721669.14347764535
boost,div,1000000,5,0.028800243,28.800,1150.3481446952592,55651.090996473889
boost,sqr,1000000,5,0.024949711,24.950,33351536.53107129,723457.56070659368
boost,sqrt,1000000,5,0.035379876,35.380,2269319.522392069,17332.770235902939
boost,exp,1000000,5,0.048904882,48.905,1113373157.2633789,81331993.661984444
boost,log,1000000,5,0.047972849,47.973,1559051.809809875,18531.566600937902
boost,sin,1000000,5,0.115704005,115.704,372.74069655761127,47174.103272504246
boost,cos,1000000,5,0.111119158,111.119,-55217.802178074926,44180.03410761468
boost,pow_int,1000000,5,0.034641061,34.641,763027.24108830758,7241040.6384945018
boost,pow_real,1000000,5,0.137007797,137.008,24977959.15350404,963128.29556688305
boost,line_arith,1000000,5,0.201946677,201.947,11641.146800333523,742131.53869177448
boost,line_trig,1000000,5,0.594914946,594.915,33352445.643891491,781626.82328402041
boost,line_pow,1000000,5,0.196941417,196.941,-200633868.54653174,391862420.02025819
boost,shekel5,1000000,5,1.573694489,1573.694,-157759.69095550876,9929.3109655147146
boost,block5,1000000,5,0.589173193,589.173,54765440.496903144,456259304.0681923
boost,add,1000000,5,0.018223984,18.224,6215.2450777997965,144602.29834179295
boost,sub,1000000,5,0.018252593,18.253,15708.805796331259,144602.29834179298
boost,mul,1000000,5,0.031142562,31.143,-22357.981296030724,721669.14347764535
boost,div,1000000,5,0.025936301,25.936,1150.3481446952592,55651.090996473889
boost,sqr,1000000,5,0.023084909,23.085,33351536.53107129,723457.56070659368
boost,sqrt,1000000,5,0.030756431,30.756,2269319.522392069,17332.770235902939
boost,exp,1000000,5,0.041883339,41.883,1113373157.2633789,81331993.661984444
boost,log,1000000,5,0.041335602,41.336,1559051.809809875,18531.566600937902
boost,sin,1000000,5,0.100007225,100.007,372.74069655761127,47174.103272504246
boost,cos,1000000,5,0.097671862,97.672,-55217.802178074926,44180.03410761468
boost,pow_int,1000000,5,0.027068916,27.069,763027.24108830758,7241040.6384945018
boost,pow_real,1000000,5,0.103992203,103.992,24977959.15350404,963128.29556688305
boost,line_arith,1000000,5,0.101057954,101.058,11641.146800333523,742131.53869177448
boost,line_trig,1000000,5,0.368073320,368.073,33352445.643891491,781626.82328402041
boost,line_pow,1000000,5,0.338411582,338.412,-200633868.54653174,391862420.02025819
boost,shekel5,1000000,5,1.343372247,1343.372,-157759.69095550876,9929.3109655147146
boost,block5,1000000,5,0.508601537,508.602,54765440.496903144,456259304.0681923
